<?xml version="1.0" encoding="utf-8"?>
<feed xmlns="http://www.w3.org/2005/Atom">
  <title>MoMik</title>
  
  
  <link href="/atom.xml" rel="self"/>
  
  <link href="/"/>
  <updated>2019-04-26T01:36:44.519Z</updated>
  <id>/</id>
  
  <author>
    <name>MoMik</name>
    
  </author>
  
  <generator uri="http://hexo.io/">Hexo</generator>
  
  <entry>
    <title>使用微博相册做个人网站CDN图床</title>
    <link href="/2019/04/25/%E4%BD%BF%E7%94%A8%E5%BE%AE%E5%8D%9A%E7%9B%B8%E5%86%8C%E5%81%9A%E4%B8%AA%E4%BA%BA%E7%BD%91%E7%AB%99CDN%E5%9B%BE%E5%BA%8A/"/>
    <id>/2019/04/25/使用微博相册做个人网站CDN图床/</id>
    <published>2019-04-25T09:39:32.000Z</published>
    <updated>2019-04-26T01:36:44.519Z</updated>
    
    <summary type="html">
    
      对于迁站的痛苦想必很多站长都深有体会
    
    </summary>
    
      <category term="自学教程" scheme="/categories/%E8%87%AA%E5%AD%A6%E6%95%99%E7%A8%8B/"/>
    
    
  </entry>
  
  <entry>
    <title>Hexo-Theme-Sakura</title>
    <link href="/2018/12/12/Hexo-Theme-Sakura%20-%20%E5%89%AF%E6%9C%AC/"/>
    <id>/2018/12/12/Hexo-Theme-Sakura - 副本/</id>
    <published>2018-12-12T14:16:01.000Z</published>
    <updated>2019-04-26T06:39:26.988Z</updated>
    
    <summary type="html">
    
      hexo-sakura主题使用教程
    
    </summary>
    
      <category term="技术" scheme="/categories/%E6%8A%80%E6%9C%AF/"/>
    
    
      <category term="web" scheme="/tags/web/"/>
    
      <category term="悦读" scheme="/tags/%E6%82%A6%E8%AF%BB/"/>
    
  </entry>
  
  <entry>
    <title>Hexo-Theme-Sakura</title>
    <link href="/2018/12/12/Hexo-Theme-Sakura/"/>
    <id>/2018/12/12/Hexo-Theme-Sakura/</id>
    <published>2018-12-12T14:16:01.000Z</published>
    <updated>2019-04-26T06:39:12.148Z</updated>
    
    <summary type="html">
    
      hexo-sakura主题使用教程
    
    </summary>
    
      <category term="技术" scheme="/categories/%E6%8A%80%E6%9C%AF/"/>
    
    
      <category term="web" scheme="/tags/web/"/>
    
      <category term="悦读" scheme="/tags/%E6%82%A6%E8%AF%BB/"/>
    
  </entry>
  
</feed>
