{"meta":{"title":"MoMik","subtitle":null,"description":"疑似仙云坠庭柯，玉树云云开玉娥，随风摇落千山雪，怎惧日冷奈汝何？","author":"MoMik","url":""},"pages":[{"title":"client","date":"2018-12-20T15:13:35.000Z","updated":"2019-04-24T14:22:17.330Z","comments":false,"path":"client/index.html","permalink":"/client/index.html","excerpt":"","text":"直接下载 or 扫码下载：","keywords":"Android客户端"},{"title":"about","date":"2018-12-12T14:14:36.000Z","updated":"2019-04-24T14:22:17.329Z","comments":false,"path":"about/index.html","permalink":"/about/index.html","excerpt":"","text":"[さくら荘のhojun] 与&nbsp; Mashiro&nbsp; （ 真（ま）白（しろ） ） 对话中... function bot_ui_ini() { var botui = new BotUI(\"hello-mashiro\"); botui.message.add({ delay: 800, content: \"Hi, there111👋\" }).then(function () { botui.message.add({ delay: 1100, content: \"这里是 Mashiro\" }).then(function () { botui.message.add({ delay: 1100, content: \"一个可爱的蓝孩子~\" }).then(function () { botui.action.button({ delay: 1600, action: [{ text: \"然后呢？ 😃\", value: \"sure\" }, { text: \"少废话！ 🙄\", value: \"skip\" }] }).then(function (a) { \"sure\" == a.value && sure(); \"skip\" == a.value && end() }) }) }) }); var sure = function () { botui.message.add({ delay: 600, content: \"😘\" }).then(function () { secondpart() }) }, end = function () { botui.message.add({ delay: 600, content: \"![...](https://view.moezx.cc/images/2018/05/06/a1c4cd0452528b572af37952489372b6.md.jpg)\" }) }, secondpart = function () { botui.message.add({ delay: 1500, content: \"目前就读于上海财经大学\" }).then(function () { botui.message.add({ delay: 1500, content: \"向往技术却误入商科，但后来喜欢上了经济学…\" }).then(function () { botui.message.add({ delay: 1200, content: \"因为数据分析也需要Coder嘛\" }).then(function () { botui.message.add({ delay: 1500, content: \"主攻 R 语言和 Python，略懂 STATA，偶尔也折腾 HTML/CSS/JavaScript/PHP\" }).then(function () { botui.message.add({ delay: 1500, content: \"研究的方向，是经济/金融方向的数据分析（data science）以及机器学习（machine learning）\" }).then(function () { botui.message.add({ delay: 1800, content: \"喜欢画画，希望有一天能够被称为画师\" }).then(function () { botui.action.button({ delay: 1100, action: [{ text: \"为什么叫Mashiro呢？ 🤔\", value: \"why-mashiro\" }] }).then(function (a) { thirdpart() }) }) }) }) }) }) }) }, thirdpart = function () { botui.message.add({ delay: 1E3, content: \"Mashiro以及站名都来自一部动画，因为和主角有一样的爱好~ 如果有兴趣可以找找首页上的视频~\" }).then(function () { botui.action.button({ delay: 1500, action: [{ text: \"为什么是白猫呢？ 🤔\", value: \"why-cat\" }] }).then(function (a) { fourthpart() }) }) }, fourthpart = function () { botui.message.add({ delay: 1E3, content: \"因为对GitHub有种执念… \" }).then(function () { botui.message.add({ delay: 1100, content: \"而且我真的是猫控！\" }).then(function () { botui.action.button({ delay: 1500, action: [{ text: \"域名有什么含意吗？(ง •_•)ง\", value: \"why-domain\" }] }).then(function (a) { fifthpart() }) }) }) }, fifthpart = function () { botui.message.add({ delay: 1E3, content: \"emmmm，看备案信息你就知道了=.= 本来想要zheng.xin的，但50万真买不起。。\" }).then(function () { botui.message.add({ delay: 1600, content: \"那么，仔细看看我的博客吧？ ^_^\" }) }) } } bot_ui_ini()","keywords":"关于"},{"title":"bangumi","date":"2019-02-10T13:32:48.000Z","updated":"2019-04-24T14:22:17.330Z","comments":false,"path":"bangumi/index.html","permalink":"/bangumi/index.html","excerpt":"","text":"","keywords":null},{"title":"comment","date":"2018-12-20T15:13:48.000Z","updated":"2019-04-24T14:22:17.331Z","comments":true,"path":"comment/index.html","permalink":"/comment/index.html","excerpt":"","text":"念两句诗 叙别梦、扬州一觉。 【宋代】吴文英《夜游宫·人去西楼雁杳》","keywords":"留言板"},{"title":"lab","date":"2019-01-05T13:47:59.000Z","updated":"2019-04-24T14:22:17.332Z","comments":false,"path":"lab/index.html","permalink":"/lab/index.html","excerpt":"","text":"sakura主题balabala","keywords":"Lab实验室"},{"title":"donate","date":"2018-12-20T15:13:05.000Z","updated":"2019-04-24T14:22:17.331Z","comments":false,"path":"donate/index.html","permalink":"/donate/index.html","excerpt":"","text":"","keywords":"谢谢饲主了喵~"},{"title":"links","date":"2018-12-19T15:11:06.000Z","updated":"2019-04-24T14:22:17.332Z","comments":true,"path":"links/index.html","permalink":"/links/index.html","excerpt":"","text":"","keywords":"友人帐"},{"title":"music","date":"2018-12-20T15:14:28.000Z","updated":"2019-04-24T14:22:17.332Z","comments":false,"path":"music/index.html","permalink":"/music/index.html","excerpt":"","text":"","keywords":"喜欢的音乐"},{"title":"rss","date":"2018-12-20T15:09:03.000Z","updated":"2019-04-24T14:22:17.333Z","comments":true,"path":"rss/index.html","permalink":"/rss/index.html","excerpt":"","text":""},{"title":"tags","date":"2018-12-12T14:14:16.000Z","updated":"2019-04-24T14:22:17.333Z","comments":true,"path":"tags/index.html","permalink":"/tags/index.html","excerpt":"","text":""},{"title":"theme-sakura","date":"2019-01-04T14:53:25.000Z","updated":"2019-04-24T14:22:17.334Z","comments":false,"path":"theme-sakura/index.html","permalink":"/theme-sakura/index.html","excerpt":"","text":"Hexo主题Sakura修改自WordPress主题Sakura，感谢原作者Mashiro","keywords":"Hexo 主题 Sakura 🌸"},{"title":"video","date":"2018-12-20T15:14:38.000Z","updated":"2019-04-24T14:22:17.334Z","comments":false,"path":"video/index.html","permalink":"/video/index.html","excerpt":"","text":"var videos = [ { img: 'https://lain.bgm.tv/pic/cover/l/0e/1e/218971_2y351.jpg', title: '朝花夕誓——于离别之朝束起约定之花', status: '已追完', progress: 100, jp: 'さよならの朝に約束の花をかざろう', time: '放送时间: 2018-02-24 SUN.', desc: ' 住在远离尘嚣的土地，一边将每天的事情编织成名为希比欧的布，一边静静生活的伊欧夫人民。在15岁左右外表就停止成长，拥有数百年寿命的他们，被称为“离别的一族”，并被视为活着的传说。没有双亲的伊欧夫少女玛奇亚，过着被伙伴包围的平稳日子，却总感觉“孤身一人”。他们的这种日常，一瞬间就崩溃消失。追求伊欧夫的长寿之血，梅萨蒂军乘坐着名为雷纳特的古代兽发动了进攻。在绝望与混乱之中，伊欧夫的第一美女蕾莉亚被梅萨蒂带走，而玛奇亚暗恋的少年克里姆也失踪了。玛奇亚虽然总算逃脱了，却失去了伙伴和归去之地……。' }, { img : 'https://lain.bgm.tv/pic/cover/l/0e/1e/218971_2y351.jpg', title: '朝花夕誓——于离别之朝束起约定之花', status: '已追完', progress: 100, jp: 'さよならの朝に約束の花をかざろう', time: '2018-02-24 SUN.', desc: ' 住在远离尘嚣的土地，一边将每天的事情编织成名为希比欧的布，一边静静生活的伊欧夫人民。在15岁左右外表就停止成长，拥有数百年寿命的他们，被称为“离别的一族”，并被视为活着的传说。没有双亲的伊欧夫少女玛奇亚，过着被伙伴包围的平稳日子，却总感觉“孤身一人”。他们的这种日常，一瞬间就崩溃消失。追求伊欧夫的长寿之血，梅萨蒂军乘坐着名为雷纳特的古代兽发动了进攻。在绝望与混乱之中，伊欧夫的第一美女蕾莉亚被梅萨蒂带走，而玛奇亚暗恋的少年克里姆也失踪了。玛奇亚虽然总算逃脱了，却失去了伙伴和归去之地……。' } ] .should-ellipsis{overflow:hidden;text-overflow:ellipsis;white-space:nowrap;width:95%;}.should-ellipsis-full{overflow:hidden;text-overflow:ellipsis;white-space:nowrap;width:100%;}.should-ellipsis i{position:absolute;right:24px;}.grey-text{color:#9e9e9e !important}.grey-text.text-darken-4{color:#212121 !important}html{line-height:1.15;-ms-text-size-adjust:100%;-webkit-text-size-adjust:100%}body{margin:0}img{border-style:none}progress{display:inline-block;vertical-align:baseline}::-webkit-file-upload-button{-webkit-appearance:button;font:inherit}html{-webkit-box-sizing:border-box;box-sizing:border-box}*,*:before,*:after{-webkit-box-sizing:inherit;box-sizing:inherit}ul:not(.browser-default){padding-left:0;list-style-type:none}ul:not(.browser-default)>li{list-style-type:none}.card{-webkit-box-shadow:0 2px 2px 0 rgba(0,0,0,0.14),0 3px 1px -2px rgba(0,0,0,0.12),0 1px 5px 0 rgba(0,0,0,0.2);box-shadow:0 2px 2px 0 rgba(0,0,0,0.14),0 3px 1px -2px rgba(0,0,0,0.12),0 1px 5px 0 rgba(0,0,0,0.2)}.hoverable{-webkit-transition:-webkit-box-shadow .25s;transition:-webkit-box-shadow .25s;transition:box-shadow .25s;transition:box-shadow .25s,-webkit-box-shadow .25s}.hoverable:hover{-webkit-box-shadow:0 8px 17px 0 rgba(0,0,0,0.2),0 6px 20px 0 rgba(0,0,0,0.19);box-shadow:0 8px 17px 0 rgba(0,0,0,0.2),0 6px 20px 0 rgba(0,0,0,0.19)}i{line-height:inherit}i.right{float:right;margin-left:15px}.bangumi .right{float:right !important}.material-icons{text-rendering:optimizeLegibility;-webkit-font-feature-settings:'liga';-moz-font-feature-settings:'liga';font-feature-settings:'liga'}.row{margin-left:auto;margin-right:auto;margin-bottom:20px}.row:after{content:\"\";display:table;clear:both}.row .col{float:left;-webkit-box-sizing:border-box;box-sizing:border-box;padding:0 .75rem;min-height:1px}.row .col.s12{width:100%;margin-left:auto;left:auto;right:auto}@media only screen and (min-width:601px){.row .col.m6{width:50%;margin-left:auto;left:auto;right:auto}}html{line-height:1.5;font-family:-apple-system,BlinkMacSystemFont,\"Segoe UI\",Roboto,Oxygen-Sans,Ubuntu,Cantarell,\"Helvetica Neue\",sans-serif;font-weight:normal;color:rgba(0,0,0,0.87)}@media only screen and (min-width:0){html{font-size:14px}}@media only screen and (min-width:992px){html{font-size:14.5px}}@media only screen and (min-width:1200px){html{font-size:15px}}.card{position:relative;margin:.5rem 0 1rem 0;background-color:#fff;-webkit-transition:-webkit-box-shadow .25s;transition:-webkit-box-shadow .25s;transition:box-shadow .25s;transition:box-shadow .25s,-webkit-box-shadow .25s;border-radius:2px}.card .card-title{font-size:24px;font-weight:300}.card .card-title.activator{cursor:pointer}.card .card-image{position:relative}.card .card-image img{display:block;border-radius:2px 2px 0 0;position:relative;left:0;right:0;top:0;bottom:0;width:100%}.card .card-content{padding:24px;border-radius:0 0 2px 2px}.card .card-content p{margin:0}.card .card-content .card-title{display:block;line-height:32px;margin-bottom:8px}.card .card-content .card-title i{line-height:32px}.card .card-reveal{padding:24px;position:absolute;background-color:#fff;width:100%;overflow-y:auto;left:0;top:100%;height:100%;z-index:3;display:none}.card .card-reveal .card-title{cursor:pointer;display:block}.waves-effect{position:relative;cursor:pointer;display:inline-block;overflow:hidden;-webkit-user-select:none;-moz-user-select:none;-ms-user-select:none;user-select:none;-webkit-tap-highlight-color:transparent;vertical-align:middle;z-index:1;-webkit-transition:.3s ease-out;transition:.3s ease-out}.waves-effect img{position:relative;z-index:-1}.waves-block{display:block}::-webkit-input-placeholder{color:#d1d1d1}::-moz-placeholder{color:#d1d1d1}:-ms-input-placeholder{color:#d1d1d1}::-ms-input-placeholder{color:#d1d1d1}[type=\"radio\"]:not(:checked){position:absolute;opacity:0;pointer-events:none}[type=\"radio\"]:not(:checked)+span{position:relative;padding-left:35px;cursor:pointer;display:inline-block;height:25px;line-height:25px;font-size:1rem;-webkit-transition:.28s ease;transition:.28s ease;-webkit-user-select:none;-moz-user-select:none;-ms-user-select:none;user-select:none}[type=\"radio\"]:not(:checked)+span:before,[type=\"radio\"]:not(:checked)+span:after{border-radius:50%}[type=\"radio\"]:not(:checked)+span:before,[type=\"radio\"]:not(:checked)+span:after{border:2px solid #5a5a5a}[type=\"radio\"]:not(:checked)+span:after{-webkit-transform:scale(0);transform:scale(0)}[type=\"checkbox\"]:not(:checked){position:absolute;opacity:0;pointer-events:none}[type=\"checkbox\"]:not(:checked):disabled+span:not(.lever):before{border:none;background-color:rgba(0,0,0,0.42)}[type=\"checkbox\"].filled-in:not(:checked)+span:not(.lever):before{width:0;height:0;border:3px solid transparent;left:6px;top:10px;-webkit-transform:rotateZ(37deg);transform:rotateZ(37deg);-webkit-transform-origin:100% 100%;transform-origin:100% 100%}[type=\"checkbox\"].filled-in:not(:checked)+span:not(.lever):after{height:20px;width:20px;background-color:transparent;border:2px solid #5a5a5a;top:0px;z-index:0}input[type=checkbox]:not(:disabled) ~ .lever:active:before,input[type=checkbox]:not(:disabled).tabbed:focus ~ .lever::before{-webkit-transform:scale(2.4);transform:scale(2.4);background-color:rgba(0,0,0,0.08)}input[type=range].focused:focus:not(.active)::-webkit-slider-thumb{-webkit-box-shadow:0 0 0 10px rgba(38,166,154,0.26);box-shadow:0 0 0 10px rgba(38,166,154,0.26)}input[type=range].focused:focus:not(.active)::-moz-range-thumb{box-shadow:0 0 0 10px rgba(38,166,154,0.26)}input[type=range].focused:focus:not(.active)::-ms-thumb{box-shadow:0 0 0 10px rgba(38,166,154,0.26)} 番组计划 这里将是永远的回忆 window.onload = function(){ videos.forEach(function(video, i){ $('#rootRow').append(` ${video.title} ${video.jp} ${video.status} ${video.title} ${video.jp} 放送时间: ${video.time} ${video.desc} ${video.status} `) }) }","keywords":"B站"}],"posts":[{"title":"使用微博相册做个人网站CDN图床","slug":"使用微博相册做个人网站CDN图床","date":"2019-04-25T09:39:32.000Z","updated":"2019-04-26T01:36:44.519Z","comments":true,"path":"2019/04/25/使用微博相册做个人网站CDN图床/","link":"","permalink":"/2019/04/25/使用微博相册做个人网站CDN图床/","excerpt":"","text":"#序言今天博主终于从wordpress转到hexo来了，至于为什么要转其实我也不想实在是被wp给逼的！在wp时文章中图片用的是七牛云，相较于其他云存储来说七牛云算是比较够意识的，新注册用户实名认证后送10G免费存储空间，虽然用户上来之后测试域名开始限时，CDN开始收费0.15 元/GB ，但是还是挺划算的🙃 #正文七牛云打算放一些重要文件备份，在搭建hexo时就没有选择七牛云做图床。现在免费可靠的可用于图床的存储空间有：github、gitee、coding、新浪相册通过下面这个表格对比下 存储空间 大小 CDN配合 github 超过1G后官方会发邮件通知 jsdelivr gitee 私有仓库免费5G 免费仓库 无 coding 5 个项目数、128M 仓库容量 无 新浪相册 单目录126个文件、大小不限 新浪CDN","categories":[{"name":"自学教程","slug":"自学教程","permalink":"/categories/自学教程/"}],"tags":[],"keywords":[{"name":"自学教程","slug":"自学教程","permalink":"/categories/自学教程/"}]},{"title":"Hexo-Theme-Sakura","slug":"Hexo-Theme-Sakura - 副本","date":"2018-12-12T14:16:01.000Z","updated":"2019-04-26T06:39:26.988Z","comments":true,"path":"2018/12/12/Hexo-Theme-Sakura - 副本/","link":"","permalink":"/2018/12/12/Hexo-Theme-Sakura - 副本/","excerpt":"","text":"hexo-theme-sakura主题 English document 基于WordPress主题Sakura修改成Hexo的主题。 demo预览 正在开发中…… 交流群若你是使用者，加群QQ: 801511924 若你是创作者，加群QQ: 194472590 主题特性 首页大屏视频 首页随机封面 图片懒加载 valine评论 fancy-box相册 pjax支持，音乐不间断 aplayer音乐播放器 多级导航菜单（按现在大部分hexo主题来说，这也算是个特性了） 赞赏作者如果喜欢hexo-theme-sakura主题，可以考虑资助一下哦~非常感激！ paypal | Alipay 支付宝 | WeChat Pay 微信支付 未完善的使用教程那啥？老实说我目前也不是很有条理233333333~ 1、主题下载安装hexo-theme-sakura建议下载压缩包格式，因为除了主题内容还有些source的配置对新手来说比较太麻烦，直接下载解压就省去这些麻烦咯。 下载好后解压到博客根目录（不是主题目录哦，重复的选择替换）。接着在命令行（cmd、bash）运行npm i安装依赖。 2、主题配置博客根目录下的_config配置站点 # Site title: 你的站点名 subtitle: description: 站点简介 keywords: author: 作者名 language: zh-cn timezone: 部署 deploy: type: git repo: github: 你的github仓库地址 # coding: 你的coding仓库地址 branch: master 备份 （使用hexo b发布备份到远程仓库） backup: type: git message: backup my blog of https://honjun.github.io/ repository: # 你的github仓库地址,备份分支名 （建议新建backup分支） github: https://github.com/honjun/honjun.github.io.git,backup # coding: https://git.coding.net/hojun/hojun.git,backup 主题目录下的_config配置其中标明【改】的是需要修改部门，标明【选】是可改可不改，标明【非】是不用改的部分 # site name # 站点名 【改】 prefixName: さくら荘その siteName: hojun # favicon and site master avatar # 站点的favicon和头像 输入图片路径（下面的配置是都是cdn的相对路径，没有cdn请填写完整路径，建议使用jsdeliver搭建一个cdn啦，先去下载我的cdn替换下图片就行了，简单方便~）【改】 favicon: /images/favicon.ico avatar: /img/custom/avatar.jpg # 站点url 【改】 url: https://sakura.hojun.cn # 站点介绍（或者说是个人签名）【改】 description: Live your life with passion! With some drive! # 站点cdn，没有就为空 【改】 若是cdn为空，一些图片地址就要填完整地址了，比如之前avatar就要填https://cdn.jsdelivr.net/gh/honjun/cdn@1.6/img/custom/avatar.jpg cdn: https://cdn.jsdelivr.net/gh/honjun/cdn@1.6 # 开启pjax 【选】 pjax: 1 # 站点首页的公告信息 【改】 notice: hexo-Sakura主题已经开源，目前正在开发中... # 懒加载的加载中图片 【选】 lazyloadImg: https://cdn.jsdelivr.net/gh/honjun/cdn@1.6/img/loader/orange.progress-bar-stripe-loader.svg # 站点菜单配置 【选】 menus: 首页: { path: /, fa: fa-fort-awesome faa-shake } 归档: { path: /archives, fa: fa-archive faa-shake, submenus: { 技术: {path: /categories/技术/, fa: fa-code }, 生活: {path: /categories/生活/, fa: fa-file-text-o }, 资源: {path: /categories/资源/, fa: fa-cloud-download }, 随想: {path: /categories/随想/, fa: fa-commenting-o }, 转载: {path: /categories/转载/, fa: fa-book } } } 清单: { path: javascript:;, fa: fa-list-ul faa-vertical, submenus: { 书单: {path: /tags/悦读/, fa: fa-th-list faa-bounce }, 番组: {path: /bangumi/, fa: fa-film faa-vertical }, 歌单: {path: /music/, fa: fa-headphones }, 图集: {path: /tags/图集/, fa: fa-photo } } } 留言板: { path: /comment/, fa: fa-pencil-square-o faa-tada } 友人帐: { path: /links/, fa: fa-link faa-shake } 赞赏: { path: /donate/, fa: fa-heart faa-pulse } 关于: { path: /, fa: fa-leaf faa-wrench , submenus: { 我？: {path: /about/, fa: fa-meetup}, 主题: {path: /theme-sakura/, fa: iconfont icon-sakura }, Lab: {path: /lab/, fa: fa-cogs }, } } 客户端: { path: /client/, fa: fa-android faa-vertical } RSS: { path: /atom.xml, fa: fa-rss faa-pulse } # Home page sort type: -1: newer first，1: older first. 【非】 homePageSortType: -1 # Home page article shown number) 【非】 homeArticleShown: 10 # 背景图片 【选】 bgn: 8 # startdash面板 url, title, desc img 【改】 startdash: - {url: /theme-sakura/, title: Sakura, desc: 本站 hexo 主题, img: /img/startdash/sakura.md.png} - {url: http://space.bilibili.com/271849279, title: Bilibili, desc: 博主的b站视频, img: /img/startdash/bilibili.jpg} - {url: /, title: hojun的万事屋, desc: 技术服务, img: /img/startdash/wangshiwu.jpg} # your site build time or founded date # 你的站点建立日期 【改】 siteBuildingTime: 07/17/2018 # 社交按钮(social) url, img PC端配置 【改】 social: github: {url: http://github.com/honjun, img: /img/social/github.png} sina: {url: http://weibo.com/mashirozx?is_all=1, img: /img/social/sina.png} wangyiyun: {url: http://weibo.com/mashirozx?is_all=1, img: /img/social/wangyiyun.png} zhihu: {url: http://weibo.com/mashirozx?is_all=1, img: /img/social/zhihu.png} email: {url: http://weibo.com/mashirozx?is_all=1, img: /img/social/email.svg} wechat: {url: /#, qrcode: /img/custom/wechat.jpg, img: /img/social/wechat.png} # 社交按钮(msocial) url, img 移动端配置 【改】 msocial: github: {url: http://github.com/honjun, fa: fa-github, color: 333} weibo: {url: http://weibo.com/mashirozx?is_all=1, fa: fa-weibo, color: dd4b39} qq: {url: https://wpa.qq.com/msgrd?v=3&amp;uin=954655431&amp;site=qq&amp;menu=yes, fa: fa-qq, color: 25c6fe} # 赞赏二维码（其中wechatSQ是赞赏单页面的赞赏码图片）【改】 donate: alipay: /img/custom/donate/AliPayQR.jpg wechat: /img/custom/donate/WeChanQR.jpg wechatSQ: /img/custom/donate/WeChanSQ.jpg # 首页视频地址为https://cdn.jsdelivr.net/gh/honjun/hojun@1.2/Unbroken.mp4，配置如下 【改】 movies: url: https://cdn.jsdelivr.net/gh/honjun/hojun@1.2 # 多个视频用逗号隔开，随机获取。支持的格式目前已知MP4,Flv。其他的可以试下，不保证有用 name: Unbroken.mp4 # 左下角aplayer播放器配置 主要改id和server这两项，修改详见[aplayer文档] 【改】 aplayer: id: 2660651585 server: netease type: playlist fixed: true mini: false autoplay: false loop: all order: random preload: auto volume: 0.7 mutex: true # Valine评论配置【改】 valine: true v_appId: GyC3NzMvd0hT9Yyd2hYIC0MN-gzGzoHsz v_appKey: mgOpfzbkHYqU92CV4IDlAUHQ 分类页和标签页配置分类页 标签页 配置项在\\themes\\Sakura\\languages\\zh-cn.yml里。新增一个分类或标签最好加下哦，当然嫌麻烦可以直接使用一张默认图片（可以改主题或者直接把404图片替换下，征求下意见要不要给这个在配置文件中加个开关，可以issue或群里提出来），现在是没设置的话会使用那种倒立小狗404哦。 #category # 按分类名创建 技术: #中文标题 zh: 野生技术协会 # 英文标题 en: Geek – Only for Love # 封面图片 img: https://cdn.jsdelivr.net/gh/honjun/cdn@1.6/img/banner/coding.jpg 生活: zh: 生活 en: live img: https://cdn.jsdelivr.net/gh/honjun/cdn@1.6/img/banner/writing.jpg #tag # 标签名即是标题 悦读: # 封面图片 img: https://cdn.jsdelivr.net/gh/honjun/cdn@1.6/img/banner/reading.jpg 单页面封面配置如留言板页面页面，位于source下的comment下，打开index.md如下： --- title: comment date: 2018-12-20 23:13:48 keywords: 留言板 description: comments: true # 在这里配置单页面头部图片，自定义替换哦~ photos: https://cdn.jsdelivr.net/gh/honjun/cdn@1.4/img/banner/comment.jpg --- 单页面配置番组计划页 （请直接在下载后的文件中改，下面的添加了注释可能会有些影响） --- layout: bangumi title: bangumi comments: false date: 2019-02-10 21:32:48 keywords: description: bangumis: # 番组图片 - img: https://lain.bgm.tv/pic/cover/l/0e/1e/218971_2y351.jpg # 番组名 title: 朝花夕誓——于离别之朝束起约定之花 # 追番状态 （追番ing/已追完） status: 已追完 # 追番进度 progress: 100 # 番剧日文名称 jp: さよならの朝に約束の花をかざろう # 放送时间 time: 放送时间: 2018-02-24 SUN. # 番剧介绍 desc: 住在远离尘嚣的土地，一边将每天的事情编织成名为希比欧的布，一边静静生活的伊欧夫人民。在15岁左右外表就停止成长，拥有数百年寿命的他们，被称为“离别的一族”，并被视为活着的传说。没有双亲的伊欧夫少女玛奇亚，过着被伙伴包围的平稳日子，却总感觉“孤身一人”。他们的这种日常，一瞬间就崩溃消失。追求伊欧夫的长寿之血，梅萨蒂军乘坐着名为雷纳特的古代兽发动了进攻。在绝望与混乱之中，伊欧夫的第一美女蕾莉亚被梅萨蒂带走，而玛奇亚暗恋的少年克里姆也失踪了。玛奇亚虽然总算逃脱了，却失去了伙伴和归去之地……。 - img: https://lain.bgm.tv/pic/cover/l/0e/1e/218971_2y351.jpg title: 朝花夕誓——于离别之朝束起约定之花 status: 已追完 progress: 50 jp: さよならの朝に約束の花をかざろう time: 放送时间: 2018-02-24 SUN. desc: 住在远离尘嚣的土地，一边将每天的事情编织成名为希比欧的布，一边静静生活的伊欧夫人民。在15岁左右外表就停止成长，拥有数百年寿命的他们，被称为“离别的一族”，并被视为活着的传说。没有双亲的伊欧夫少女玛奇亚，过着被伙伴包围的平稳日子，却总感觉“孤身一人”。他们的这种日常，一瞬间就崩溃消失。追求伊欧夫的长寿之血，梅萨蒂军乘坐着名为雷纳特的古代兽发动了进攻。在绝望与混乱之中，伊欧夫的第一美女蕾莉亚被梅萨蒂带走，而玛奇亚暗恋的少年克里姆也失踪了。玛奇亚虽然总算逃脱了，却失去了伙伴和归去之地……。 --- 友链页 （请直接在下载后的文件中改，下面的添加了注释可能会有些影响） --- layout: links title: links # 创建日期，可以改下 date: 2018-12-19 23:11:06 # 图片上的标题，自定义修改 keywords: 友人帐 description: # true/false 开启/关闭评论 comments: true # 页面头部图片，自定义修改 photos: https://cdn.jsdelivr.net/gh/honjun/cdn@1.4/img/banner/links.jpg # 友链配置 links: # 类型分组 - group: 个人项目 # 类型简介 desc: 充分说明这家伙是条咸鱼 &lt; (￣︶￣)&gt; items: # 友链链接 - url: https://shino.cc/fgvf # 友链头像 img: https://cloud.moezx.cc/Picture/svg/landscape/fields.svg # 友链站点名 name: Google # 友链介绍 下面雷同 desc: Google 镜像 - url: https://shino.cc/fgvf img: https://cloud.moezx.cc/Picture/svg/landscape/fields.svg name: Google desc: Google 镜像 # 类型分组... - group: 小伙伴们 desc: 欢迎交换友链 ꉂ(ˊᗜˋ) items: - url: https://shino.cc/fgvf img: https://cloud.moezx.cc/Picture/svg/landscape/fields.svg name: Google desc: Google 镜像 - url: https://shino.cc/fgvf img: https://cloud.moezx.cc/Picture/svg/landscape/fields.svg name: Google desc: Google 镜像 --- 写文章配置主题集成了个人插件hexo-tag-bili和hexo-tag-fancybox_img。其中hexo-tag-bili用来在文章或单页面中插入B站外链视频，使用语法如下： {% bili video_id [page] %} 详细使用教程详见hexo-tag-bili。 hexo-tag-fancybox_img用来在文章或单页面中图片，使用语法如下： {% fb_img src [caption] %} 详细使用教程详见hexo-tag-fancybox_img 还有啥，一时想不起来……To be continued…","categories":[{"name":"技术","slug":"技术","permalink":"/categories/技术/"}],"tags":[{"name":"web","slug":"web","permalink":"/tags/web/"},{"name":"悦读","slug":"悦读","permalink":"/tags/悦读/"}],"keywords":[{"name":"技术","slug":"技术","permalink":"/categories/技术/"}]},{"title":"Hexo-Theme-Sakura","slug":"Hexo-Theme-Sakura","date":"2018-12-12T14:16:01.000Z","updated":"2019-04-26T06:39:12.148Z","comments":true,"path":"2018/12/12/Hexo-Theme-Sakura/","link":"","permalink":"/2018/12/12/Hexo-Theme-Sakura/","excerpt":"","text":"hexo-theme-sakura主题 English document 基于WordPress主题Sakura修改成Hexo的主题。 demo预览 正在开发中…… 交流群若你是使用者，加群QQ: 801511924 若你是创作者，加群QQ: 194472590 主题特性 首页大屏视频 首页随机封面 图片懒加载 valine评论 fancy-box相册 pjax支持，音乐不间断 aplayer音乐播放器 多级导航菜单（按现在大部分hexo主题来说，这也算是个特性了） 赞赏作者如果喜欢hexo-theme-sakura主题，可以考虑资助一下哦~非常感激！ paypal | Alipay 支付宝 | WeChat Pay 微信支付 未完善的使用教程那啥？老实说我目前也不是很有条理233333333~ 1、主题下载安装hexo-theme-sakura建议下载压缩包格式，因为除了主题内容还有些source的配置对新手来说比较太麻烦，直接下载解压就省去这些麻烦咯。 下载好后解压到博客根目录（不是主题目录哦，重复的选择替换）。接着在命令行（cmd、bash）运行npm i安装依赖。 2、主题配置博客根目录下的_config配置站点 # Site title: 你的站点名 subtitle: description: 站点简介 keywords: author: 作者名 language: zh-cn timezone: 部署 deploy: type: git repo: github: 你的github仓库地址 # coding: 你的coding仓库地址 branch: master 备份 （使用hexo b发布备份到远程仓库） backup: type: git message: backup my blog of https://honjun.github.io/ repository: # 你的github仓库地址,备份分支名 （建议新建backup分支） github: https://github.com/honjun/honjun.github.io.git,backup # coding: https://git.coding.net/hojun/hojun.git,backup 主题目录下的_config配置其中标明【改】的是需要修改部门，标明【选】是可改可不改，标明【非】是不用改的部分 # site name # 站点名 【改】 prefixName: さくら荘その siteName: hojun # favicon and site master avatar # 站点的favicon和头像 输入图片路径（下面的配置是都是cdn的相对路径，没有cdn请填写完整路径，建议使用jsdeliver搭建一个cdn啦，先去下载我的cdn替换下图片就行了，简单方便~）【改】 favicon: /images/favicon.ico avatar: /img/custom/avatar.jpg # 站点url 【改】 url: https://sakura.hojun.cn # 站点介绍（或者说是个人签名）【改】 description: Live your life with passion! With some drive! # 站点cdn，没有就为空 【改】 若是cdn为空，一些图片地址就要填完整地址了，比如之前avatar就要填https://cdn.jsdelivr.net/gh/honjun/cdn@1.6/img/custom/avatar.jpg cdn: https://cdn.jsdelivr.net/gh/honjun/cdn@1.6 # 开启pjax 【选】 pjax: 1 # 站点首页的公告信息 【改】 notice: hexo-Sakura主题已经开源，目前正在开发中... # 懒加载的加载中图片 【选】 lazyloadImg: https://cdn.jsdelivr.net/gh/honjun/cdn@1.6/img/loader/orange.progress-bar-stripe-loader.svg # 站点菜单配置 【选】 menus: 首页: { path: /, fa: fa-fort-awesome faa-shake } 归档: { path: /archives, fa: fa-archive faa-shake, submenus: { 技术: {path: /categories/技术/, fa: fa-code }, 生活: {path: /categories/生活/, fa: fa-file-text-o }, 资源: {path: /categories/资源/, fa: fa-cloud-download }, 随想: {path: /categories/随想/, fa: fa-commenting-o }, 转载: {path: /categories/转载/, fa: fa-book } } } 清单: { path: javascript:;, fa: fa-list-ul faa-vertical, submenus: { 书单: {path: /tags/悦读/, fa: fa-th-list faa-bounce }, 番组: {path: /bangumi/, fa: fa-film faa-vertical }, 歌单: {path: /music/, fa: fa-headphones }, 图集: {path: /tags/图集/, fa: fa-photo } } } 留言板: { path: /comment/, fa: fa-pencil-square-o faa-tada } 友人帐: { path: /links/, fa: fa-link faa-shake } 赞赏: { path: /donate/, fa: fa-heart faa-pulse } 关于: { path: /, fa: fa-leaf faa-wrench , submenus: { 我？: {path: /about/, fa: fa-meetup}, 主题: {path: /theme-sakura/, fa: iconfont icon-sakura }, Lab: {path: /lab/, fa: fa-cogs }, } } 客户端: { path: /client/, fa: fa-android faa-vertical } RSS: { path: /atom.xml, fa: fa-rss faa-pulse } # Home page sort type: -1: newer first，1: older first. 【非】 homePageSortType: -1 # Home page article shown number) 【非】 homeArticleShown: 10 # 背景图片 【选】 bgn: 8 # startdash面板 url, title, desc img 【改】 startdash: - {url: /theme-sakura/, title: Sakura, desc: 本站 hexo 主题, img: /img/startdash/sakura.md.png} - {url: http://space.bilibili.com/271849279, title: Bilibili, desc: 博主的b站视频, img: /img/startdash/bilibili.jpg} - {url: /, title: hojun的万事屋, desc: 技术服务, img: /img/startdash/wangshiwu.jpg} # your site build time or founded date # 你的站点建立日期 【改】 siteBuildingTime: 07/17/2018 # 社交按钮(social) url, img PC端配置 【改】 social: github: {url: http://github.com/honjun, img: /img/social/github.png} sina: {url: http://weibo.com/mashirozx?is_all=1, img: /img/social/sina.png} wangyiyun: {url: http://weibo.com/mashirozx?is_all=1, img: /img/social/wangyiyun.png} zhihu: {url: http://weibo.com/mashirozx?is_all=1, img: /img/social/zhihu.png} email: {url: http://weibo.com/mashirozx?is_all=1, img: /img/social/email.svg} wechat: {url: /#, qrcode: /img/custom/wechat.jpg, img: /img/social/wechat.png} # 社交按钮(msocial) url, img 移动端配置 【改】 msocial: github: {url: http://github.com/honjun, fa: fa-github, color: 333} weibo: {url: http://weibo.com/mashirozx?is_all=1, fa: fa-weibo, color: dd4b39} qq: {url: https://wpa.qq.com/msgrd?v=3&amp;uin=954655431&amp;site=qq&amp;menu=yes, fa: fa-qq, color: 25c6fe} # 赞赏二维码（其中wechatSQ是赞赏单页面的赞赏码图片）【改】 donate: alipay: /img/custom/donate/AliPayQR.jpg wechat: /img/custom/donate/WeChanQR.jpg wechatSQ: /img/custom/donate/WeChanSQ.jpg # 首页视频地址为https://cdn.jsdelivr.net/gh/honjun/hojun@1.2/Unbroken.mp4，配置如下 【改】 movies: url: https://cdn.jsdelivr.net/gh/honjun/hojun@1.2 # 多个视频用逗号隔开，随机获取。支持的格式目前已知MP4,Flv。其他的可以试下，不保证有用 name: Unbroken.mp4 # 左下角aplayer播放器配置 主要改id和server这两项，修改详见[aplayer文档] 【改】 aplayer: id: 2660651585 server: netease type: playlist fixed: true mini: false autoplay: false loop: all order: random preload: auto volume: 0.7 mutex: true # Valine评论配置【改】 valine: true v_appId: GyC3NzMvd0hT9Yyd2hYIC0MN-gzGzoHsz v_appKey: mgOpfzbkHYqU92CV4IDlAUHQ 分类页和标签页配置分类页 标签页 配置项在\\themes\\Sakura\\languages\\zh-cn.yml里。新增一个分类或标签最好加下哦，当然嫌麻烦可以直接使用一张默认图片（可以改主题或者直接把404图片替换下，征求下意见要不要给这个在配置文件中加个开关，可以issue或群里提出来），现在是没设置的话会使用那种倒立小狗404哦。 #category # 按分类名创建 技术: #中文标题 zh: 野生技术协会 # 英文标题 en: Geek – Only for Love # 封面图片 img: https://cdn.jsdelivr.net/gh/honjun/cdn@1.6/img/banner/coding.jpg 生活: zh: 生活 en: live img: https://cdn.jsdelivr.net/gh/honjun/cdn@1.6/img/banner/writing.jpg #tag # 标签名即是标题 悦读: # 封面图片 img: https://cdn.jsdelivr.net/gh/honjun/cdn@1.6/img/banner/reading.jpg 单页面封面配置如留言板页面页面，位于source下的comment下，打开index.md如下： --- title: comment date: 2018-12-20 23:13:48 keywords: 留言板 description: comments: true # 在这里配置单页面头部图片，自定义替换哦~ photos: https://cdn.jsdelivr.net/gh/honjun/cdn@1.4/img/banner/comment.jpg --- 单页面配置番组计划页 （请直接在下载后的文件中改，下面的添加了注释可能会有些影响） --- layout: bangumi title: bangumi comments: false date: 2019-02-10 21:32:48 keywords: description: bangumis: # 番组图片 - img: https://lain.bgm.tv/pic/cover/l/0e/1e/218971_2y351.jpg # 番组名 title: 朝花夕誓——于离别之朝束起约定之花 # 追番状态 （追番ing/已追完） status: 已追完 # 追番进度 progress: 100 # 番剧日文名称 jp: さよならの朝に約束の花をかざろう # 放送时间 time: 放送时间: 2018-02-24 SUN. # 番剧介绍 desc: 住在远离尘嚣的土地，一边将每天的事情编织成名为希比欧的布，一边静静生活的伊欧夫人民。在15岁左右外表就停止成长，拥有数百年寿命的他们，被称为“离别的一族”，并被视为活着的传说。没有双亲的伊欧夫少女玛奇亚，过着被伙伴包围的平稳日子，却总感觉“孤身一人”。他们的这种日常，一瞬间就崩溃消失。追求伊欧夫的长寿之血，梅萨蒂军乘坐着名为雷纳特的古代兽发动了进攻。在绝望与混乱之中，伊欧夫的第一美女蕾莉亚被梅萨蒂带走，而玛奇亚暗恋的少年克里姆也失踪了。玛奇亚虽然总算逃脱了，却失去了伙伴和归去之地……。 - img: https://lain.bgm.tv/pic/cover/l/0e/1e/218971_2y351.jpg title: 朝花夕誓——于离别之朝束起约定之花 status: 已追完 progress: 50 jp: さよならの朝に約束の花をかざろう time: 放送时间: 2018-02-24 SUN. desc: 住在远离尘嚣的土地，一边将每天的事情编织成名为希比欧的布，一边静静生活的伊欧夫人民。在15岁左右外表就停止成长，拥有数百年寿命的他们，被称为“离别的一族”，并被视为活着的传说。没有双亲的伊欧夫少女玛奇亚，过着被伙伴包围的平稳日子，却总感觉“孤身一人”。他们的这种日常，一瞬间就崩溃消失。追求伊欧夫的长寿之血，梅萨蒂军乘坐着名为雷纳特的古代兽发动了进攻。在绝望与混乱之中，伊欧夫的第一美女蕾莉亚被梅萨蒂带走，而玛奇亚暗恋的少年克里姆也失踪了。玛奇亚虽然总算逃脱了，却失去了伙伴和归去之地……。 --- 友链页 （请直接在下载后的文件中改，下面的添加了注释可能会有些影响） --- layout: links title: links # 创建日期，可以改下 date: 2018-12-19 23:11:06 # 图片上的标题，自定义修改 keywords: 友人帐 description: # true/false 开启/关闭评论 comments: true # 页面头部图片，自定义修改 photos: https://cdn.jsdelivr.net/gh/honjun/cdn@1.4/img/banner/links.jpg # 友链配置 links: # 类型分组 - group: 个人项目 # 类型简介 desc: 充分说明这家伙是条咸鱼 &lt; (￣︶￣)&gt; items: # 友链链接 - url: https://shino.cc/fgvf # 友链头像 img: https://cloud.moezx.cc/Picture/svg/landscape/fields.svg # 友链站点名 name: Google # 友链介绍 下面雷同 desc: Google 镜像 - url: https://shino.cc/fgvf img: https://cloud.moezx.cc/Picture/svg/landscape/fields.svg name: Google desc: Google 镜像 # 类型分组... - group: 小伙伴们 desc: 欢迎交换友链 ꉂ(ˊᗜˋ) items: - url: https://shino.cc/fgvf img: https://cloud.moezx.cc/Picture/svg/landscape/fields.svg name: Google desc: Google 镜像 - url: https://shino.cc/fgvf img: https://cloud.moezx.cc/Picture/svg/landscape/fields.svg name: Google desc: Google 镜像 --- 写文章配置主题集成了个人插件hexo-tag-bili和hexo-tag-fancybox_img。其中hexo-tag-bili用来在文章或单页面中插入B站外链视频，使用语法如下： {% bili video_id [page] %} 详细使用教程详见hexo-tag-bili。 hexo-tag-fancybox_img用来在文章或单页面中图片，使用语法如下： {% fb_img src [caption] %} 详细使用教程详见hexo-tag-fancybox_img 还有啥，一时想不起来……To be continued…","categories":[{"name":"技术","slug":"技术","permalink":"/categories/技术/"}],"tags":[{"name":"web","slug":"web","permalink":"/tags/web/"},{"name":"悦读","slug":"悦读","permalink":"/tags/悦读/"}],"keywords":[{"name":"技术","slug":"技术","permalink":"/categories/技术/"}]}]}